{
  "LANGUAGE": {
    "CODE": "nl",
    "DISPLAY_LABEL": "NL"
  },
  "CONSTANT": {
    "STATUS": {
      "VERIFICATION_MORE_AUDIO": "Verifi\u00EBren...",
      "ENROLLMENT_MORE_AUDIO": "Gedeeltelijk ingeschreven",
      "ENROLLING": "Inschrijven...",
      "TRAINING": "Verbetering voltooien...",
      "NOT_ENROLLED": "Niet ingeschreven",
      "LOCKED": "Stemprofiel vergrendeld",
      "OFFER_OPT_IN": "Aanmelding aanbieden",
      "OPTED_OUT": "Beller afgemeld",
      "OPTED_IN": "Beller aangemeld",
      "OPTING_OUT": "Afmelden",
      "OPTED_REASON": "Reden:",
      "LOCKED_REASON": "Reden:",
      "SUBMIT_PERSON_ID": "Wachten op persoons-ID",
      "ENTER_PERSON_ID": "Voer de persoons-ID in",
      "ENTER_ACCOUNT_ID": "Voer het accountnummer in",
      "WAIT_PERSON_ID": "Wachten op persoons-ID...",
      "WAIT_GROUP_ID": "Wachten op accountnummer",
      "WAIT_GROUP_INFO": "Wachten op accountinformatie",
      "WAIT_FOR_CALL": "Wachten op het volgende gesprek",
      "WAIT_FOR_LOGIN": "Wachten op inloggen",
      "INELIGIBLE_CALL": "Huidige oproep komt niet in aanmerking voor stembiometrie",
      "CLICK_START_WHEN_READY": "Klik op Start nadat u een oproep hebt opgenomen",
      "DISCONNECTED": "Verbinding mislukt",
      "RECONNECTING": "Verbinding opnieuw proberen",
      "CAPTURE_AUDIO": "Niet ingeschreven... Audio vastleggen...",
      "AUDIO_LISTENING": "Audio luisteren",
      "CAPTURE_AUDIO_PARTIALLY_ENROLLED": "Gedeeltelijk ingeschreven... Audio vastleggen...",
      "ENHANCING_VOICEPRINT": "Stemprofiel verbeteren met meer audio...",
      "COMPLETING_ENROLLMENT": "Inschrijving voltooien",
      "IN_CONFERENCE": "IN CONFERENTIE",
      "CONFERENCE_ENDED": "CONFERENTIE AFGELOPEN",
      "CONFERENCE_ENDED2": "Conferentie afgelopen",
      "CALL_ON_HOLD": "OPROEP IN DE WACHT",
      "CALL_ON_HOLD2": "Oproep in de wacht",
      "MORE_VERIFICATION": "Extra veiligheidscontrole aan de gang...",
      "UNKNOWN_CALL": "ONBEKENDE OPROEP",
      "OUTBOUND_CALL": "UITGAANDE OPROEP",
      "INBOUND_CALL": "INKOMENDE OPROEP",
      "TRANSFER_CALL": "DOORGESCHAKELDE OPROEP",
      "CONFERENCE_CALL": "CONFERENTIEGESPREK",
      "CONFERENCE_MODE": "Conferentiemodus",
      "INTERNAL_CALL": "INTERNE OPROEP",
      "EXTERNAL_CALL": "EXTERNE OPROEP",
      "CONSULT_CALL": "CONSULTATIE OPROEP",
      "IGNORED_CALL": "GENEGEERDE OPROEP",
      "IDENTIFICATION_IN_PROGRESS": "Validering",
      "GROUP_TOO_BIG": "Max Contacten",
      "NOT_ELIGIBLE": "Komt niet in aanmerking",
      "TRANSFER_IDENTIFIED": "Stem-ID geverifieerd",
      "TRANSFER_MANUALLY_IDENTIFIED": "Handmatig geverifieerd",
      "TRANSFER_NOT_IDENTIFIED": "Niet geverifieerd"
    },
    "RESULT": {
      "ENROLLED": "Ingeschreven",
      "TRAINED": "Ingeschreven",
      "MATCH": "Match",
      "MISMATCH": "Geen Match",
      "MISMATCH_COMMON_ERROR": "Verificatie mislukt",
      "IDENTIFICATION_FAILED": "Validatie mislukt",
      "FRAUDSTER": "Vermoedelijke fraudeur",
      "RISKY_SESSION_TITLE": "Waarschuwing",
      "INCONCLUSIVE": "Twijfelachtig",
      "PARTIALLY_ENROLLED": "Gedeeltelijk ingeschreven",
      "ENROLLMENT_UNSUCCESSFUL": "Inschrijving mislukt",
      "READY_TO_TRAIN": "Gereed",
      "CAPTURE_COMPLETE": "Klaar om in te schrijven"
    },
    "DEFAULT": {
      "NET_AUDIO": "Netto audio",
      "MIN_AUDIO_DISPLAY": "min",
      "AGENT_ID": "Gebruikersnaam",
      "EXTENSION": "Extensie",
      "REMEMBER_ME": "Inloggegevens opslaan",
      "PHONE_IP": "Telefoon IP",
      "TENANT": "Tenant",
      "NAME": "Onbekend",
      "CALLER_ID": "Onbekend",
      "LOGIN_WITH_AAD": "Login with Azure AD",
      "OR": "OR"
    },
    "RESULT_TEXT": {
      "ENROLLED": "Beller ingeschreven om",
      "TRAINED": "Beller ingeschreven om",
      "VERIFIED": "Beller ge\u00EFdentificeerd op",
      "IDENTIFIED": "Beller ge\u00EFdentificeerd op",
      "VERIFICATION_FAILED": "Verificatie mislukt",
      "NOT_VERIFIED": "Beller niet ge\u00EFdentificeerd",
      "NOT_IDENTIFIED": "Beller niet ge\u00EFdentificeerd",
      "FRAUDSTER": "Beller is verdacht",
      "RISKY_SESSION_MESSAGE": "Verdere validatie is vereist",
      "RISKY_SESSION_ADDITIONAL_TEXT": "Beller is verdacht",
      "ENROLLMENT_UNSUCCESSFUL": "Inschrijving mislukt",
      "MID_CONF": "Mid-trust identificatie",
      "INTERNAL_ERROR": "Interne fout",
      "NOT_ENOUGH_SEGMENTS": "Niet genoeg audiosegmenten",
      "INVALID_AUDIO": "Ongeldige audio",
      "AUDIO_TOO_SHORT": "Audio te kort",
      "AUDIO_TOO_LONG": "Audio te lang",
      "AUDIO_TOO_SOFT": "Audio te zacht",
      "AUDIO_TOO_LOUD": "Audio te hard",
      "AUDIO_TOO_NOISY": "Audio te veel ruis",
      "INCONSISTENCY": "Inconsistent geluid",
      "INVALID_SESSION_STATE": "Opnamesessie verlopen",
      "NOT_READY_TO_TRAIN": "Niet klaar om te trainen",
      "LOCKED": "Stemprofiel vergrendeld",
      "DEFAULT_LOCKED_REASON": "Systeem vergrendeld",
      "OPTED_OUT": "Beller heeft zich afgemeld",
      "OPTING_OUT": "Wachten tot de fraudecontrole is voltooid...",
      "OPTED_IN": "Deze beller heeft zich aangemeld",
      "OPT_OUT_ABORTED": "Beller niet afgemeld",
      "PARTIALLY_ENROLLED": "Beller gedeeltelijk aangemeld bij",
      "READY_TO_TRAIN": "Klaar om de inschrijving te voltooien",
      "MULTI_SPEAKERS_DETECTED": "Meerdere sprekers gedetecteerd",
      "SYNTHETIC_SPEECH_DETECTED": "Synthetische spraak gedetecteerd",
      "PLAYBACK_INDICATION": "Afspeel indicatie",
      "TONE_DETECTED": "Toon gedetecteerd",
      "WRONG_PASSPHRASE": "Verkeerde wachtwoordzin",
      "VOICEPRINT_UNCERTAIN": "Stemprofiel onzeker",
      "UNRELIABLE_DECISION_THRESHOLDS": "Onbetrouwbare beslissingsdrempels",
      "AUDIO_INTEGRITY_ISSUE": "Probleem met audio-integriteit",
      "CAPTURE_COMPLETE": "Luisteren voltooid",
      "NOT_ENOUGH_AUDIO": "Niet genoeg audio",
      "IN_CONFERENCE": "Conferentie met meerdere partijen gedetecteerd. Wachten tot de conferentie is afgelopen.",
      "CALL_ON_HOLD": "Klik ",
      "CALL_ON_HOLD_2": " om te hervatten",
      "NEED_RESTART_ENROLL": "om deze klant in te schrijven, klikt u op 'Audio opnieuw starten'.",
      "NEED_RESTART_VERIFY": "Klik op 'Audio opnieuw starten' om de identiteit van deze klant te verifi\u00EBren.",
      "NEED_RESTART_ENROLL_OR_VERIFY": "Klik op 'Audio opnieuw starten' om deze klant in te schrijven of de identiteit van deze klant te verifi\u00EBren.",
      "DATETIME_SEPARATOR_TEXT": "om",
      "CONVO_VERIFIED": "Beller convoprint geverifieerd op",
      "GROUP_TOO_BIG": "Groep is te groot voor spraak-ID functie",
      "NOT_ELIGIBLE": "Geen Spraak-ID functie vereist voor dit gesprek",
      "TRANSFER_RESTART_NOTE": "Opnieuw opstarten vereist voor spraak-ID-bediening",
      "CONFERENCE_NOTE": "Spraak-ID is niet beschikbaar",
      "CONFERENCE_NOT_AUTHENTICATED_NOTE": "Ga verder met handmatige authenticatie",
      "INCONCLUSIVE_DECISION": "Onovertuigend besluit"
    },
    "TOOLTIP": {
      "SETTINGS": "Instellingen",
      "RESTART_CALL": "Audio opnieuw starten",
      "START_CALL": "Start gesprek",
      "END_CALL": "Ophangen",
      "HOLD_CALL": "Gesprek in de wacht zetten",
      "RESUME_CALL": "Gesprek hervatten",
      "EDIT_SETTINGS": "Bewerking"
    },
    "BUTTON_TEXT": {
      "SUBMIT": "Verstuur",
      "ENROLL": "Inschrijven",
      "START_ENROLL": "Start inschrijving",
      "TRAIN": "Inschrijving voltooien",
      "CLOSE": "Sluiten",
      "AUTHENTICITY": "Klik als de identiteit is bevestigd",
      "AUTHENTICITY_SUBMITTED": "Identiteit bevestigd",
      "OK": "OK",
      "CANCEL": "Annuleren",
      "LOGOUT": "Afmelden",
      "START_CALL": "Opnemen",
      "END_CALL": "Ophangen",
      "HOLD_CALL": "Wachtstand",
      "RESUME_CALL": "Hervatten",
      "LOGIN": "Inloggen",
      "YES": "Ja",
      "NO": "Nee",
      "CONTINUE_ENROLLMENT": "Doorgaan met inschrijving",
      "SEND_EMAIL": "Email",
      "RESTART": "Audio opnieuw starten",
      "SAVE": "Bewaar"
    },
    "SUSPICIOUS_MENU_TEXT": "Verdacht",
    "OPT_MENU_TEXT": {
      "OPT_OUT": "Afmelden",
      "OPT_IN": "Aanmelden"
    },
    "OOPS": {
      "TITLE": "Oeps!",
      "ERROR_MSG": "Er is een onverwachte fout opgetreden.",
      "ERROR_SUGGESTION": "Volg het alternatieve authenticatieproces.",
      "ERROR_POP_UP_LINK": "Fout Details",
      "ERROR_MONITORING_CALL": "Er is een probleem opgetreden bij het volgen van de respons van de gesprekssessie.",
      "ERROR_SUBMIT_GROUP_ID": "Er is een probleem opgetreden bij het indienen van de groepsidentiteit.",
      "ERROR_MANUAL_IDENTIFY": "Er is een probleem opgetreden bij het handmatig bevestigen van de identiteit van het groepslid.",
      "ERROR_GET_GROUP_INFO_PREFIX": "Fout bij ophalen van accountgegevens voor account: ",
      "ERROR_OPT_IN": "Er is een probleem opgetreden bij het aanmelden voor inschrijving"
    },
    "SETTINGS": {
      "TITLE": "Instellingen",
      "EXTENSION_LABEL": "Extensie:",
      "AGENT_ID_LABEL": "Medewerker ID:",
      "PHONE_IP_LABEL": "Telefoon IP:",
      "INVALID_PHONE_IP": "*Ongeldig IP-adres",
      "PHONE_IP_SUBMITTED": "Telefoon IP succesvol gewijzigd"
    },
    "ERROR": {
      "SESSION_EXPIRED": {
        "TITLE": "Sessie verlopen",
        "MESSAGE": "Klik op Inloggen om verder te gaan. Klik op Afmelden om de sessie te beëindigen"
      },
      "FAILED_FETCH_CONFIG": {
        "TITLE": "Kan de configuratie niet ophalen",
        "MESSAGE": "Log alsjeblieft nogmaals in"
      },
      "INVALID_PERSON_ID": {
        "TITLE": "Ongeldige persoons-ID",
        "MESSAGE": "Probeer het opnieuw"
      },
      "SYSTEM_ERROR": {
        "TITLE": "er is een fout opgetreden",
        "SERVER_NAME": "Server naam: ",
        "DATE": "Datum/Tijd: ",
        "TYPE": "Fouttype: ",
        "CONTEXT": "Foutcontext: ",
        "MESSAGE": "Foutbericht: ",
        "AGENT_SESSION_ID": "Medewerker Sessie-ID: ",
        "CALL_SESSION_ID": "Gesprek Sessie-ID: ",
        "EXTENSION": "Aansluiting: ",
        "PERSON_ID": "Persoons-ID: ",
        "AGENT_ID": "Medewerker ID: ",
        "TENANT": "Tenant: ",
        "SCOPE_ID": "Scope ID: ",
        "ACCOUNT_ID": "Account ID: "
      },
      "SESSION_THEFT": {
        "TITLE": "Sessieconflict",
        "MESSAGE1": "Er is een andere gebruiker ingelogd vanaf ",
        "MESSAGE1B": "Een andere gebruiker is ingelogd op deze aansluiting.",
        "MESSAGE2": "Wil je toch inloggen?"
      },
      "LOGOUT": {
        "TITLE": "Afmelden",
        "MESSAGE": "Weet u zeker dat u wilt afmelden?"
      },
      "CALL_END": {
        "TITLE": "Sessie be\u00EBindigen",
        "MESSAGE": "Weet u zeker dat u deze sessie wilt be\u00EBindigen?"
      },
      "AUTHENTICITY": {
        "TITLE": "Identiteit bevestigen",
        "MESSAGE": "Weet u zeker dat u de ware identiteit van de beller hebt bevestigd?",
        "MESSAGE2": "Heb je bevestigd dat je spreekt met "
      },
      "INVALID_AGENT_EXTENSION": {
        "TITLE": "Ongeldige aansluiting",
        "MESSAGE": "De medewerkeraansluiting is niet geldig."
      },
      "AUTH_SESSION_EXPIRED": {
        "TITLE": "Verificatiesessie verlopen",
        "MESSAGE": "Klik op OK om jezelf opnieuw te verifi\u00EBren"
      }
    },
    "FRAUD_CHECK_STATUS_TEXT": {
      "CHECKING": "Controleren",
      "HOLD": "In de wacht",
      "ERROR": "Fout",
      "PASSED": "Goedgekeurd",
      "SUSPECT": "Verdacht"
    },
    "POPUP_TITLE": {
      "SUSPICIOUS": "Selecteer reden van verdenking",
      "SUSPICIOUS2": "Markeer als Verdacht",
      "OPT_OUT": "Selecteer de reden voor afmelding",
      "OPT_OUT2": "Reden voor afmelding"
    },
    "SELECTORS": {
      "MAIN": {
        "LABEL": {
          "ACCOUNT_ID_LABEL": "Account Nummer",
          "PERSON_ID_LABEL": "Persoons-ID",
          "PERSON_NAME_LABEL": "Naam",
          "CALLER_ID_LABEL": "Beller-ID",
          "EXTENSION": "Ext. "
        }
      }
    },
    "NAVIGATION": {
      "MESSAGE": {
        "NAVIGATING_AWAY_CONFIRMATION_MSG": "WAARSCHUWING: Als u deze pagina verlaat, wordt u afgemeld. Druk op annuleren om op de huidige pagina te blijven."
      }
    },
    "GROUP": {
      "MEMBER_CATEGORY": {
        "ENROLLED": "Ingeschreven",
        "NOT_ENROLLED": "Niet Ingeschreven",
        "OPTED_OUT": "Afgemeld",
        "VOICEPRINT_LOCKED": "Stemprofiel Vergrendeld"
      },
      "BUTTON_TEXT": {
        "CONFIRM_IDENTITY": "Bevestig Identiteit",
        "CONFIRM_CALLER": "Bevestig Beller"
      },
      "MESSAGE": {
        "CONFIRM_IDENTITY_QUESTION_PREFIX": "Bevestig de identiteit van de beller als "
      },
      "IDENTIFIED_MEMBER_CATEGORY": {
        "IDENTIFY_MATCH": "Gevalideerd",
        "AGENT_SELECTED_ENROLLED": "Selectie Medewerker - Ingeschreven",
        "AGENT_SELECTED_NOT_ENROLLED": "Selectie Medewerker - Niet Ingeschreven",
        "AGENT_SELECTED_OPTED_OUT": "Selectie Medewerker - Afgemeld",
        "AGENT_SELECTED_LOCKED": "Selectie Medewerker - Stemprofiel Vergrendeld",
        "RISKY": "Onbekende contactpersoon"
      },
      "IDENTIFY_RESULT_TEXT": {
        "SINGLE_NOT_ENROLLED": "Contactpersoon is niet ingeschreven",
        "MULTI_NOT_ENROLLED": "Geen van de contacten is ingeschreven",
        "SINGLE_OPTED_OUT": "Eerder afgemeld",
        "MULTI_OPTED_OUT": "Sommigen zijn eerder afgemeld"
      }
    }
  },
  "OPT_OUT_REASONS": {
    "NOT_INTERESTED": "Geen interesse / Geen tijd",
    "WOULD_LIKE_MORE_INFORMATION": "Wil meer informatie",
    "WOULD_LIKE_TO_THINK_ABOUT_IT": "Wil er over nadenken",
    "HAS_NOT_HEARD_ABOUT_IT": "Heeft er niet van gehoord",
    "HAS_OTHERS_CALL_ON_THEIR_BEHALF": "Laat anderen namens hen bellen",
    "DOESNT_BELIEVE_IT_IS_SECURE": "Gelooft niet dat het veilig is",
    "CONCERNED_ABOUT_PRIVACY_ISSUES": "Bezorgd over privacykwesties",
    "DOESNT_WANT_TO_BE_RECORDED": "Wil niet opgenomen worden",
    "OTHER_REASON": "Andere reden",
    "DO_NOT_SOLICIT": "NIET AANVRAGEN"
  },
  "SUSPICIOUS_REASONS": {
    "ACCOUNT_IS_SECURITY_LOCKED": "Account is vergrendeld om beveiligingsredenen",
    "MULTIPLE_FAILED_VALIDATION_ISSUES": "Meerdere mislukte validatieproblemen",
    "REMOVE_HOLD_ON_RECENT_LARGE_DEPOSIT": "Verwijder de inhouding op de recente grote aanbetaling",
    "SPEECH_DOES_NOT_MATCH_CLIENTS_GENDER_OR_AGE": "Spraak komt niet overeen met het geslacht of de leeftijd van de cli\u00EBnt",
    "NEW_CLIENT_REQUESTING_ABM_INCREASE": "Nieuwe klant vraagt ABM-verhoging (overschrijdt beschikbaar saldo)",
    "CALLING_AREA_CODE_DOES_NOT_MATCH_STATE_OF_RESIDENCE": "Het netnummer van de oproep komt niet overeen met de woonplaats",
    "MULTIPLE_PROFILE_UPDATES": "Meerdere profielupdates",
    "EXCESSIVE_INQUIRIES": "Overmatige aanvragen",
    "OUTBOUND_CALL_NUMBER_NOT_IN_SERVICE": "Uitgaand gesprek # niet in gebruik - nieuwe klant"
  },
  "LOCK_REASONS": {
    "NO_REASON": "(reden niet gespecificeerd)",
    "CONSECUTIVE_MISMATCHES": "Te veel opeenvolgende mismatches",
    "OTHER": "Vergrendeld door web-app"
  }
}
