{"data": {"id": "3520", "name": "Quick Start", "defaultLocale": "en-US", "supportedLocales": ["en-US"], "connectorColors": {"33c9b0a7-bb8c-4dfb-b1b1-2039f62485ee": "grey", "01df3da1-a011-4450-a973-d520fff1cfaa": "#871699"}, "baseServiceUrl": "", "staticProjectId": "", "version": "1.0", "supportedChannels": [{"id": "33c9b0a7-bb8c-4dfb-b1b1-2039f62485ee", "displayName": "Default", "supportsRichText": false, "supportsViews": false, "codeName": "default", "projectId": "3520", "modes": ["Audio Script", "TTS", "Rich Text", "Interactivity", "DTMF"], "lastModified": "2020-04-13T18:02:03.670Z"}, {"id": "01df3da1-a011-4450-a973-d520fff1cfaa", "displayName": "Quick Start", "supportsRichText": false, "supportsViews": false, "codeName": "custom", "projectId": "3520", "modes": ["Rich Text"], "lastModified": "2020-04-13T18:02:03.710Z"}], "supportedCustomChannels": [], "richTextChannels": [], "globalConfirmations": [{"globalValue": "", "confirmationRecoveryBehaviors": [{"event": "nomatch2-prompt", "escalationLevel": 0, "processingItemsList": {"id": "f74e354b-8bde-417b-9f8e-8451b7a272dc", "channelProcessingItemsMap": {}, "projectId": "3520", "lastModified": "2020-04-13T18:02:06.162Z", "parentProjectId": "3520"}, "enabled": false}, {"event": "initial-prompt", "escalationLevel": 0, "processingItemsList": {"id": "d29b4b11-513e-49a9-bab4-38016b64bcc8", "channelProcessingItemsMap": {}, "projectId": "3520", "lastModified": "2020-04-13T18:02:06.139Z", "parentProjectId": "3520"}, "enabled": false}, {"event": "no-prompt", "escalationLevel": 0, "processingItemsList": {"id": "d0064752-d07a-4962-8a5d-394cfcd494bb", "channelProcessingItemsMap": {}, "projectId": "3520", "lastModified": "2020-04-13T18:02:06.238Z", "parentProjectId": "3520"}, "enabled": false}, {"event": "yes-prompt", "escalationLevel": 0, "processingItemsList": {"id": "71fb0c0b-0a34-4ef4-a7de-eb45d2e1f2e4", "channelProcessingItemsMap": {}, "projectId": "3520", "lastModified": "2020-04-13T18:02:06.252Z", "parentProjectId": "3520"}, "enabled": false}, {"event": "noinput3-prompt", "escalationLevel": 0, "processingItemsList": {"id": "6fcbee19-ffb5-41d7-b372-3a2c294321e4", "channelProcessingItemsMap": {}, "projectId": "3520", "lastModified": "2020-04-13T18:02:06.213Z", "parentProjectId": "3520"}, "enabled": false}, {"event": "noinput2-prompt", "escalationLevel": 0, "processingItemsList": {"id": "596e4d9c-ba76-4d23-937d-272e798f6b08", "channelProcessingItemsMap": {}, "projectId": "3520", "lastModified": "2020-04-13T18:02:06.199Z", "parentProjectId": "3520"}, "enabled": false}, {"event": "nomatch1-prompt", "escalationLevel": 0, "processingItemsList": {"id": "29fb4364-a41e-45ef-b7b7-58550b0febeb", "channelProcessingItemsMap": {}, "projectId": "3520", "lastModified": "2020-04-13T18:02:06.151Z", "parentProjectId": "3520"}, "enabled": false}, {"event": "noinput1-prompt", "escalationLevel": 0, "processingItemsList": {"id": "430de060-1c62-47db-882e-a86f125b9e5e", "channelProcessingItemsMap": {}, "projectId": "3520", "lastModified": "2020-04-13T18:02:06.189Z", "parentProjectId": "3520"}, "enabled": false}, {"event": "nomatch3-prompt", "escalationLevel": 0, "processingItemsList": {"id": "647ae54b-6985-4e50-a074-917087c46faf", "channelProcessingItemsMap": {}, "projectId": "3520", "lastModified": "2020-04-13T18:02:06.172Z", "parentProjectId": "3520"}, "enabled": false}], "entityType": "ALPHANUM"}, {"globalValue": "", "confirmationRecoveryBehaviors": [{"event": "yes-prompt", "escalationLevel": 0, "processingItemsList": {"id": "4309ed39-3c9e-460e-bf7b-188504788d37", "channelProcessingItemsMap": {}, "projectId": "3520", "lastModified": "2020-04-13T18:02:06.740Z", "parentProjectId": "3520"}, "enabled": false}, {"event": "nomatch3-prompt", "escalationLevel": 0, "processingItemsList": {"id": "e243736e-c823-45c9-86de-f80b7e13b1d2", "channelProcessingItemsMap": {}, "projectId": "3520", "lastModified": "2020-04-13T18:02:06.670Z", "parentProjectId": "3520"}, "enabled": false}, {"event": "initial-prompt", "escalationLevel": 0, "processingItemsList": {"id": "621086b3-d1dc-48ee-af4d-222607b4ce88", "channelProcessingItemsMap": {}, "projectId": "3520", "lastModified": "2020-04-13T18:02:06.635Z", "parentProjectId": "3520"}, "enabled": false}, {"event": "nomatch1-prompt", "escalationLevel": 0, "processingItemsList": {"id": "9d8d5ce1-839c-4486-a8d6-0156602f5f4a", "channelProcessingItemsMap": {}, "projectId": "3520", "lastModified": "2020-04-13T18:02:06.647Z", "parentProjectId": "3520"}, "enabled": false}, {"event": "no-prompt", "escalationLevel": 0, "processingItemsList": {"id": "e5d5a949-0053-4545-921a-ba4b49bb6fd0", "channelProcessingItemsMap": {}, "projectId": "3520", "lastModified": "2020-04-13T18:02:06.728Z", "parentProjectId": "3520"}, "enabled": false}, {"event": "noinput2-prompt", "escalationLevel": 0, "processingItemsList": {"id": "96990531-86de-49f6-b2ff-8fd419323cce", "channelProcessingItemsMap": {}, "projectId": "3520", "lastModified": "2020-04-13T18:02:06.695Z", "parentProjectId": "3520"}, "enabled": false}, {"event": "noinput1-prompt", "escalationLevel": 0, "processingItemsList": {"id": "0109c7bd-a7ce-4817-bdeb-cdaf2c664e04", "channelProcessingItemsMap": {}, "projectId": "3520", "lastModified": "2020-04-13T18:02:06.682Z", "parentProjectId": "3520"}, "enabled": false}, {"event": "nomatch2-prompt", "escalationLevel": 0, "processingItemsList": {"id": "6561210f-1a20-4449-85c6-62eb249bf5a5", "channelProcessingItemsMap": {}, "projectId": "3520", "lastModified": "2020-04-13T18:02:06.659Z", "parentProjectId": "3520"}, "enabled": false}, {"event": "noinput3-prompt", "escalationLevel": 0, "processingItemsList": {"id": "c132f7e8-5387-4822-bc3b-9181aa14a8b5", "channelProcessingItemsMap": {}, "projectId": "3520", "lastModified": "2020-04-13T18:02:06.711Z", "parentProjectId": "3520"}, "enabled": false}], "entityType": "YESNO"}, {"globalValue": "", "confirmationRecoveryBehaviors": [{"event": "noinput3-prompt", "escalationLevel": 0, "processingItemsList": {"id": "b8022884-e418-4d72-8b38-f1984384e409", "channelProcessingItemsMap": {}, "projectId": "3520", "lastModified": "2020-04-13T18:02:06.499Z", "parentProjectId": "3520"}, "enabled": false}, {"event": "initial-prompt", "escalationLevel": 0, "processingItemsList": {"id": "ee9ac452-57c7-46de-933a-9ec83d4765dc", "channelProcessingItemsMap": {}, "projectId": "3520", "lastModified": "2020-04-13T18:02:06.407Z", "parentProjectId": "3520"}, "enabled": false}, {"event": "yes-prompt", "escalationLevel": 0, "processingItemsList": {"id": "67b28178-1f36-420a-86b6-8d5e96910875", "channelProcessingItemsMap": {}, "projectId": "3520", "lastModified": "2020-04-13T18:02:06.522Z", "parentProjectId": "3520"}, "enabled": false}, {"event": "nomatch2-prompt", "escalationLevel": 0, "processingItemsList": {"id": "ae6eba2a-f75c-43a7-be4f-b8fe294e3aea", "channelProcessingItemsMap": {}, "projectId": "3520", "lastModified": "2020-04-13T18:02:06.439Z", "parentProjectId": "3520"}, "enabled": false}, {"event": "no-prompt", "escalationLevel": 0, "processingItemsList": {"id": "9aa7a81a-6c6a-40ea-8b47-713128ebacb3", "channelProcessingItemsMap": {}, "projectId": "3520", "lastModified": "2020-04-13T18:02:06.511Z", "parentProjectId": "3520"}, "enabled": false}, {"event": "nomatch3-prompt", "escalationLevel": 0, "processingItemsList": {"id": "266e214c-4a59-4878-a903-a7d8fe2fb2a9", "channelProcessingItemsMap": {}, "projectId": "3520", "lastModified": "2020-04-13T18:02:06.457Z", "parentProjectId": "3520"}, "enabled": false}, {"event": "noinput1-prompt", "escalationLevel": 0, "processingItemsList": {"id": "69347dd9-12c5-492e-ad21-044b6dfffd8d", "channelProcessingItemsMap": {}, "projectId": "3520", "lastModified": "2020-04-13T18:02:06.473Z", "parentProjectId": "3520"}, "enabled": false}, {"event": "nomatch1-prompt", "escalationLevel": 0, "processingItemsList": {"id": "cb2b9aee-82ea-4393-9696-106ba4377c79", "channelProcessingItemsMap": {}, "projectId": "3520", "lastModified": "2020-04-13T18:02:06.424Z", "parentProjectId": "3520"}, "enabled": false}, {"event": "noinput2-prompt", "escalationLevel": 0, "processingItemsList": {"id": "28b70d9d-1355-4b39-a1f6-90a961b07f48", "channelProcessingItemsMap": {}, "projectId": "3520", "lastModified": "2020-04-13T18:02:06.487Z", "parentProjectId": "3520"}, "enabled": false}], "entityType": "DIGITS"}, {"globalValue": "", "confirmationRecoveryBehaviors": [{"event": "initial-prompt", "escalationLevel": 0, "processingItemsList": {"id": "8701ce7d-5963-4c7a-8fe8-c0880988806e", "channelProcessingItemsMap": {}, "projectId": "3520", "lastModified": "2020-04-13T18:02:06.874Z", "parentProjectId": "3520"}, "enabled": false}, {"event": "noinput3-prompt", "escalationLevel": 0, "processingItemsList": {"id": "00c5e827-3fbc-4cb1-82fa-fad9ddc7d465", "channelProcessingItemsMap": {}, "projectId": "3520", "lastModified": "2020-04-13T18:02:06.959Z", "parentProjectId": "3520"}, "enabled": false}, {"event": "yes-prompt", "escalationLevel": 0, "processingItemsList": {"id": "6fe5dc3b-5b1b-4416-9b53-4195d76e9e58", "channelProcessingItemsMap": {}, "projectId": "3520", "lastModified": "2020-04-13T18:02:06.990Z", "parentProjectId": "3520"}, "enabled": false}, {"event": "nomatch2-prompt", "escalationLevel": 0, "processingItemsList": {"id": "925128c6-dacb-465f-b5ea-1aa088ba66ae", "channelProcessingItemsMap": {}, "projectId": "3520", "lastModified": "2020-04-13T18:02:06.908Z", "parentProjectId": "3520"}, "enabled": false}, {"event": "noinput1-prompt", "escalationLevel": 0, "processingItemsList": {"id": "057567ad-5077-4718-9e25-21cbf0eb3018", "channelProcessingItemsMap": {}, "projectId": "3520", "lastModified": "2020-04-13T18:02:06.932Z", "parentProjectId": "3520"}, "enabled": false}, {"event": "nomatch1-prompt", "escalationLevel": 0, "processingItemsList": {"id": "7605eb3b-3bd7-4669-98b8-c693450d5a7f", "channelProcessingItemsMap": {}, "projectId": "3520", "lastModified": "2020-04-13T18:02:06.891Z", "parentProjectId": "3520"}, "enabled": false}, {"event": "noinput2-prompt", "escalationLevel": 0, "processingItemsList": {"id": "a1ee5229-2995-4249-bded-25d6deb22119", "channelProcessingItemsMap": {}, "projectId": "3520", "lastModified": "2020-04-13T18:02:06.944Z", "parentProjectId": "3520"}, "enabled": false}, {"event": "nomatch3-prompt", "escalationLevel": 0, "processingItemsList": {"id": "d1d4b5d1-98b9-4888-9717-4c24a2ed4158", "channelProcessingItemsMap": {}, "projectId": "3520", "lastModified": "2020-04-13T18:02:06.921Z", "parentProjectId": "3520"}, "enabled": false}, {"event": "no-prompt", "escalationLevel": 0, "processingItemsList": {"id": "f930dab6-bd04-47f3-837a-8a697ad880b2", "channelProcessingItemsMap": {}, "projectId": "3520", "lastModified": "2020-04-13T18:02:06.977Z", "parentProjectId": "3520"}, "enabled": false}], "entityType": "DEFAULT"}, {"globalValue": "", "confirmationRecoveryBehaviors": [{"event": "noinput1-prompt", "escalationLevel": 0, "processingItemsList": {"id": "d498c346-2c44-4ce0-a4ed-7acd016fe816", "channelProcessingItemsMap": {}, "projectId": "3520", "lastModified": "2020-04-13T18:02:06.578Z", "parentProjectId": "3520"}, "enabled": false}, {"event": "nomatch2-prompt", "escalationLevel": 0, "processingItemsList": {"id": "cd884c31-83c6-450f-a3ee-ff950d475217", "channelProcessingItemsMap": {}, "projectId": "3520", "lastModified": "2020-04-13T18:02:06.558Z", "parentProjectId": "3520"}, "enabled": false}, {"event": "no-prompt", "escalationLevel": 0, "processingItemsList": {"id": "2adcf172-c73a-4a23-9e4d-91fc2ee68567", "channelProcessingItemsMap": {}, "projectId": "3520", "lastModified": "2020-04-13T18:02:06.613Z", "parentProjectId": "3520"}, "enabled": false}, {"event": "yes-prompt", "escalationLevel": 0, "processingItemsList": {"id": "82b4323e-f3a6-4aae-88ba-7903ab9f828f", "channelProcessingItemsMap": {}, "projectId": "3520", "lastModified": "2020-04-13T18:02:06.624Z", "parentProjectId": "3520"}, "enabled": false}, {"event": "nomatch3-prompt", "escalationLevel": 0, "processingItemsList": {"id": "d1c2dfeb-5bdd-4aa7-9a5a-b88062c1e157", "channelProcessingItemsMap": {}, "projectId": "3520", "lastModified": "2020-04-13T18:02:06.568Z", "parentProjectId": "3520"}, "enabled": false}, {"event": "noinput2-prompt", "escalationLevel": 0, "processingItemsList": {"id": "6be34a0e-5222-4397-bed8-65fa34375de9", "channelProcessingItemsMap": {}, "projectId": "3520", "lastModified": "2020-04-13T18:02:06.588Z", "parentProjectId": "3520"}, "enabled": false}, {"event": "nomatch1-prompt", "escalationLevel": 0, "processingItemsList": {"id": "48ceb890-82ad-446b-a1ef-b67a652a6731", "channelProcessingItemsMap": {}, "projectId": "3520", "lastModified": "2020-04-13T18:02:06.543Z", "parentProjectId": "3520"}, "enabled": false}, {"event": "initial-prompt", "escalationLevel": 0, "processingItemsList": {"id": "7d4e1162-6f39-47cc-b0fb-df851e51ad5b", "channelProcessingItemsMap": {}, "projectId": "3520", "lastModified": "2020-04-13T18:02:06.533Z", "parentProjectId": "3520"}, "enabled": false}, {"event": "noinput3-prompt", "escalationLevel": 0, "processingItemsList": {"id": "b576f730-f593-4d94-b78c-a3596db9a9b9", "channelProcessingItemsMap": {}, "projectId": "3520", "lastModified": "2020-04-13T18:02:06.602Z", "parentProjectId": "3520"}, "enabled": false}], "entityType": "TIME"}, {"globalValue": "", "confirmationRecoveryBehaviors": [{"event": "nomatch3-prompt", "escalationLevel": 0, "processingItemsList": {"id": "2d99ad6b-60fd-45e8-9373-b7311c209b6a", "channelProcessingItemsMap": {}, "projectId": "3520", "lastModified": "2020-04-13T18:02:06.314Z", "parentProjectId": "3520"}, "enabled": false}, {"event": "initial-prompt", "escalationLevel": 0, "processingItemsList": {"id": "8b5cce42-665d-439a-a598-a4ac747b1cf8", "channelProcessingItemsMap": {}, "projectId": "3520", "lastModified": "2020-04-13T18:02:06.266Z", "parentProjectId": "3520"}, "enabled": false}, {"event": "noinput3-prompt", "escalationLevel": 0, "processingItemsList": {"id": "fcdf8202-a3eb-4032-9b42-673eea2491b8", "channelProcessingItemsMap": {}, "projectId": "3520", "lastModified": "2020-04-13T18:02:06.353Z", "parentProjectId": "3520"}, "enabled": false}, {"event": "noinput1-prompt", "escalationLevel": 0, "processingItemsList": {"id": "f2a26488-35d9-48e1-ab31-0042b05e5a01", "channelProcessingItemsMap": {}, "projectId": "3520", "lastModified": "2020-04-13T18:02:06.325Z", "parentProjectId": "3520"}, "enabled": false}, {"event": "nomatch2-prompt", "escalationLevel": 0, "processingItemsList": {"id": "d1d68bb0-b1ea-4ffa-8d30-693ddba246ec", "channelProcessingItemsMap": {}, "projectId": "3520", "lastModified": "2020-04-13T18:02:06.302Z", "parentProjectId": "3520"}, "enabled": false}, {"event": "yes-prompt", "escalationLevel": 0, "processingItemsList": {"id": "c3f226ae-e2e2-4451-9552-428ece6319bf", "channelProcessingItemsMap": {}, "projectId": "3520", "lastModified": "2020-04-13T18:02:06.389Z", "parentProjectId": "3520"}, "enabled": false}, {"event": "nomatch1-prompt", "escalationLevel": 0, "processingItemsList": {"id": "82eacb46-a2b3-4108-9e23-2beef5778198", "channelProcessingItemsMap": {}, "projectId": "3520", "lastModified": "2020-04-13T18:02:06.281Z", "parentProjectId": "3520"}, "enabled": false}, {"event": "no-prompt", "escalationLevel": 0, "processingItemsList": {"id": "4232f0bf-96f2-4f1f-82b8-6d6b22595afe", "channelProcessingItemsMap": {}, "projectId": "3520", "lastModified": "2020-04-13T18:02:06.374Z", "parentProjectId": "3520"}, "enabled": false}, {"event": "noinput2-prompt", "escalationLevel": 0, "processingItemsList": {"id": "58c9b08e-760b-4bf2-a953-3393113ab15c", "channelProcessingItemsMap": {}, "projectId": "3520", "lastModified": "2020-04-13T18:02:06.336Z", "parentProjectId": "3520"}, "enabled": false}], "entityType": "DATE"}, {"globalValue": "", "confirmationRecoveryBehaviors": [{"event": "nomatch2-prompt", "escalationLevel": 0, "processingItemsList": {"id": "4907ce75-c894-447b-87f7-adc2746e848c", "channelProcessingItemsMap": {}, "projectId": "3520", "lastModified": "2020-04-13T18:02:06.780Z", "parentProjectId": "3520"}, "enabled": false}, {"event": "nomatch1-prompt", "escalationLevel": 0, "processingItemsList": {"id": "4109e639-383b-48cb-b5df-a479b285fff3", "channelProcessingItemsMap": {}, "projectId": "3520", "lastModified": "2020-04-13T18:02:06.763Z", "parentProjectId": "3520"}, "enabled": false}, {"event": "noinput3-prompt", "escalationLevel": 0, "processingItemsList": {"id": "1cfe75f7-c10a-4017-94b3-c9a7ccd4aa43", "channelProcessingItemsMap": {}, "projectId": "3520", "lastModified": "2020-04-13T18:02:06.836Z", "parentProjectId": "3520"}, "enabled": false}, {"event": "noinput1-prompt", "escalationLevel": 0, "processingItemsList": {"id": "45a4cf17-1583-4d51-9edb-a496373f373a", "channelProcessingItemsMap": {}, "projectId": "3520", "lastModified": "2020-04-13T18:02:06.810Z", "parentProjectId": "3520"}, "enabled": false}, {"event": "nomatch3-prompt", "escalationLevel": 0, "processingItemsList": {"id": "1d0baae0-9dc9-4175-a38c-a6b351767291", "channelProcessingItemsMap": {}, "projectId": "3520", "lastModified": "2020-04-13T18:02:06.795Z", "parentProjectId": "3520"}, "enabled": false}, {"event": "noinput2-prompt", "escalationLevel": 0, "processingItemsList": {"id": "f0ca1c9b-9283-400f-a5e4-e0a9619cd82a", "channelProcessingItemsMap": {}, "projectId": "3520", "lastModified": "2020-04-13T18:02:06.821Z", "parentProjectId": "3520"}, "enabled": false}, {"event": "no-prompt", "escalationLevel": 0, "processingItemsList": {"id": "58137b64-e946-40e5-8df6-73b2002e218b", "channelProcessingItemsMap": {}, "projectId": "3520", "lastModified": "2020-04-13T18:02:06.850Z", "parentProjectId": "3520"}, "enabled": false}, {"event": "yes-prompt", "escalationLevel": 0, "processingItemsList": {"id": "27d53398-29c9-4d2b-a8f5-c61bf99a47a8", "channelProcessingItemsMap": {}, "projectId": "3520", "lastModified": "2020-04-13T18:02:06.861Z", "parentProjectId": "3520"}, "enabled": false}, {"event": "initial-prompt", "escalationLevel": 0, "processingItemsList": {"id": "a293403f-4b8b-4c8e-b7bb-7d8562bce0db", "channelProcessingItemsMap": {}, "projectId": "3520", "lastModified": "2020-04-13T18:02:06.751Z", "parentProjectId": "3520"}, "enabled": false}], "entityType": "CURRENCY"}], "components": [{"id": "7e3244a9-dd2b-46c7-bfeb-ec42b061c789", "name": "Main", "description": "Main component", "nodes": [{"id": "12dd32b1-ddaa-4df4-8201-f883a1351172", "parentComponentId": "7e3244a9-dd2b-46c7-bfeb-ec42b061c789", "controllerNode": {"name": "Get Order Details", "description": "", "initialTransition": {"id": "2aa07a00-e176-4f7b-8c2c-ce92121499d3", "channelProcessingItemsMap": {"33c9b0a7-bb8c-4dfb-b1b1-2039f62485ee": {"processingItems": []}}, "projectId": "3520", "lastModified": "2020-04-13T18:16:42.236Z", "parentNodeId": "12dd32b1-ddaa-4df4-8201-f883a1351172"}, "finalTransition": {"id": "393b292a-aa8c-41a2-98c4-9c5e65612989", "channelProcessingItemsMap": {"33c9b0a7-bb8c-4dfb-b1b1-2039f62485ee": {"processingItems": [{"transition": {"id": "ab759c9d-cedf-4900-b4fb-c295a59cfe0f", "transitionType": "GO_TO", "event": "", "label": "Complete", "projectId": "3520", "nodeId": "8f069e31-9c0a-4c42-8c88-81499c1cd125"}, "id": "c7918349-5e7e-40ea-b617-ec22cf6d246c", "note": ""}]}}, "projectId": "3520", "lastModified": "2020-04-13T18:19:33.181Z", "parentNodeId": "12dd32b1-ddaa-4df4-8201-f883a1351172"}, "concepts": [{"conceptId": "b708b403-8eb9-4814-be87-244c46d47682", "collectGotoNodeId": "bbde0387-116d-4842-8bb8-16d950a27c07", "processGotoNodeId": "bbde0387-116d-4842-8bb8-16d950a27c07", "conceptName": "", "manualComplete": false}, {"conceptId": "230a121c-e9a5-467c-8c0e-5b6d5c647ba5", "collectGotoNodeId": "c256b93e-42c9-4df8-9aab-9e4a24d5678b", "processGotoNodeId": "c256b93e-42c9-4df8-9aab-9e4a24d5678b", "conceptName": "", "manualComplete": false}], "intentSwitchingDisabled": false, "timestamp": "2020-04-13T18:18:02.534Z"}, "projectId": "3520"}, {"id": "7885d157-acdb-4339-ae57-48f138dd557e", "parentComponentId": "7e3244a9-dd2b-46c7-bfeb-ec42b061c789", "externalactionNode": {"inputVariablesConcepts": [], "outputVariables": [], "name": "STUB\u2014IGNORE ME", "actionType": "END"}, "projectId": "3520"}, {"id": "5095d003-2700-4e09-bac1-d5d1d31e9ad9", "parentComponentId": "7e3244a9-dd2b-46c7-bfeb-ec42b061c789", "externalactionNode": {"inputVariablesConcepts": [], "outputVariables": [], "name": "End dialog", "actionType": "END"}, "projectId": "3520"}, {"id": "077723af-ca47-487f-aad5-0b348d2bf92b", "parentComponentId": "7e3244a9-dd2b-46c7-bfeb-ec42b061c789", "intentmapperNode": {"name": "Intent Mapper", "description": "", "intentMappings": {"e7a07306-edc3-45c1-bb93-dff7da3cea1c": {"nodeId": "12dd32b1-ddaa-4df4-8201-f883a1351172"}}, "transition": {"id": "e000e35d-6b5f-4f24-a93c-2858bc7fa56c", "transitionType": "GO_TO", "event": "", "label": "On Return", "projectId": "3520", "nodeId": "7885d157-acdb-4339-ae57-48f138dd557e"}, "intentNames": {}, "timestamp": "2020-04-13T18:26:46.569Z"}, "projectId": "3520"}, {"id": "8f069e31-9c0a-4c42-8c88-81499c1cd125", "parentComponentId": "7e3244a9-dd2b-46c7-bfeb-ec42b061c789", "messageNode": {"name": "Wrap Up", "description": "", "processingItems": {"id": "e39a339a-dd85-4ace-88b5-d2e9a224afb4", "channelProcessingItemsMap": {"33c9b0a7-bb8c-4dfb-b1b1-2039f62485ee": {"processingItems": [{"condition": {"id": "145929da-4ffb-4581-934e-9bc589c156b2", "statementType": "ALWAYS_TYPE", "processingItems": [{"promptGroup": {"id": "05b389e8-a441-4c72-9ef9-64f70084521e", "name": "perfect_a_size_type_coming_right_up!", "prompts": [{"payload": {"displayText": "Perfect, a [size|b708b403-8eb9-4814-be87-244c46d47682] [type|230a121c-e9a5-467c-8c0e-5b6d5c647ba5]coming right up!", "ttsText": "", "audioFile": "", "displayTextAnnotations": [{"type": "", "properties": {"string": "size"}, "conceptIdLiteral": "b708b403-8eb9-4814-be87-244c46d47682"}, {"type": "", "properties": {"string": "type"}, "conceptIdLiteral": "230a121c-e9a5-467c-8c0e-5b6d5c647ba5"}], "ttsTextAnnotations": [], "ttsAudioBackup": "", "ttsAudioBackupAnnotations": []}, "language": "en-US", "channel": "33c9b0a7-bb8c-4dfb-b1b1-2039f62485ee", "lastModified": "2020-04-13T18:21:34.578Z"}], "projectId": "3520", "lastModified": "2020-04-13T18:21:34.604Z"}, "id": "09202934-da99-4fcc-9e6a-4c4d7fc6d947", "note": ""}]}, "id": "096c3b52-2fc7-4057-9d2b-8a47624c4d58", "note": ""}, {"condition": {"id": "1830e632-669f-4946-94f0-7369c4649841", "statementType": "ALWAYS_TYPE", "processingItems": [{"transition": {"id": "121420b0-bb1f-49c6-8173-f03787561bdf", "transitionType": "GO_TO", "event": "", "label": "GoTo: External Actions", "projectId": "3520", "nodeId": "5095d003-2700-4e09-bac1-d5d1d31e9ad9"}, "id": "a5b17bcb-5512-4237-be91-7d31cd6d14f6", "note": ""}]}, "id": "3e87d772-6b16-4600-bdab-fcb9f42321d2", "note": ""}]}}, "projectId": "3520", "lastModified": "2020-04-13T18:21:36.837Z", "parentNodeId": "8f069e31-9c0a-4c42-8c88-81499c1cd125"}, "view": {"name": "", "style": ""}, "timestamp": "2020-04-13T18:20:03.453Z"}, "projectId": "3520"}, {"id": "014b4a1a-f090-4756-bc4c-ffdc0027a61e", "parentComponentId": "7e3244a9-dd2b-46c7-bfeb-ec42b061c789", "messageNode": {"name": "Message", "description": "", "processingItems": {"id": "4793b216-2c96-4eb3-a8a6-7be5dc35867e", "channelProcessingItemsMap": {"33c9b0a7-bb8c-4dfb-b1b1-2039f62485ee": {"processingItems": [{"condition": {"id": "ff0a5c07-0bfe-496a-aa83-f362435b8d01", "statementType": "ALWAYS_TYPE", "processingItems": [{"promptGroup": {"id": "0ced53bb-610b-48e9-9208-53b38f050b4b", "name": "hello_and_welcome_to_the_coffee_app_", "prompts": [{"payload": {"displayText": "Hello and welcome to the coffee app.", "ttsText": "", "audioFile": "", "displayTextAnnotations": [], "ttsTextAnnotations": [], "ttsAudioBackup": "", "ttsAudioBackupAnnotations": []}, "language": "en-US", "channel": "33c9b0a7-bb8c-4dfb-b1b1-2039f62485ee", "lastModified": "2020-04-13T18:14:35.028Z"}], "projectId": "3520", "lastModified": "2020-04-13T18:14:35.026Z"}, "id": "e03c204f-3eb1-48be-804e-33863afb4189", "note": ""}]}, "id": "15893e83-4b4b-4604-a2d4-4cedebcc17e6", "note": ""}, {"condition": {"id": "f7b1b56a-9fd2-4ecd-ac2e-0c81fd56fbd0", "statementType": "ALWAYS_TYPE", "processingItems": [{"transition": {"id": "3cf43088-967a-4c58-9c0a-b94695101a8b", "transitionType": "GO_TO", "event": "", "label": "GoTo: Question & Answer", "projectId": "3520", "nodeId": "2647c4e8-ce5c-4452-a07f-4ef468de430f"}, "id": "e8bd3eea-a85d-4264-bf2d-8a8548da8aad", "note": ""}]}, "id": "311dd235-362f-4370-b4ed-8d79f5083209", "note": ""}]}}, "projectId": "3520", "lastModified": "2020-04-13T18:14:45.390Z", "parentNodeId": "014b4a1a-f090-4756-bc4c-ffdc0027a61e"}, "view": {"name": "", "style": ""}, "timestamp": "2020-04-13T18:13:56.285Z"}, "projectId": "3520"}, {"id": "2647c4e8-ce5c-4452-a07f-4ef468de430f", "parentComponentId": "7e3244a9-dd2b-46c7-bfeb-ec42b061c789", "recognitionNode": {"name": "Get Intent", "description": "", "initialMessage": {"id": "ba21016c-c729-4982-a4da-7951f25d10c3", "channelProcessingItemsMap": {"33c9b0a7-bb8c-4dfb-b1b1-2039f62485ee": {"processingItems": [{"condition": {"id": "f01fb2d5-9a3d-400f-9ecd-30f9aeb8ab9a", "statementType": "ALWAYS_TYPE", "processingItems": [{"promptGroup": {"id": "e75baf25-b067-4280-a44a-7cad37a91288", "name": "what_can_i_get_you_today?", "prompts": [{"payload": {"displayText": "What can I get you today?", "ttsText": "", "audioFile": "", "displayTextAnnotations": [], "ttsTextAnnotations": [], "ttsAudioBackup": "", "ttsAudioBackupAnnotations": []}, "language": "en-US", "channel": "33c9b0a7-bb8c-4dfb-b1b1-2039f62485ee", "lastModified": "2020-04-13T18:14:58.315Z"}], "projectId": "3520", "lastModified": "2020-04-13T18:14:58.310Z"}, "id": "ee3630f4-dfc4-4232-b57e-adb3f3cdc53f", "note": ""}]}, "id": "3aca1859-bc35-4287-b165-63a8a5df4837", "note": ""}]}}, "projectId": "3520", "lastModified": "2020-04-13T18:14:58.688Z", "parentNodeId": "2647c4e8-ce5c-4452-a07f-4ef468de430f"}, "collectionType": "INTENT_TYPE", "asrGrammarfileReferences": [], "actionConfigurations": [], "inputManagerReferenceId": "", "conceptId": "", "confirmationActionConfigurations": [], "commandActionConfigurations": [], "recoRecoveryBehaviors": [], "settings": {}, "defaultIntentProcessingItem": {"id": "5152aefc-da68-40a7-bcbc-8a8ecd575486", "channelProcessingItemsMap": {"33c9b0a7-bb8c-4dfb-b1b1-2039f62485ee": {"processingItems": [{"condition": {"id": "a82e1b83-45d8-449b-90fa-746881c899e6", "statementType": "ALWAYS_TYPE", "processingItems": [{"transition": {"id": "060d6334-7087-47e7-bd97-cd7b44bc9e79", "transitionType": "GO_TO", "event": "", "label": "GoTo: Intent Mapper", "projectId": "3520", "nodeId": "077723af-ca47-487f-aad5-0b348d2bf92b"}, "id": "6e00ae90-bc64-4039-afd6-c17f07b4a134", "note": ""}]}, "id": "4ef110eb-c2a8-4dee-a138-cfe36f429e9f", "note": ""}]}}, "projectId": "3520", "lastModified": "2020-04-13T18:16:07.261Z", "parentNodeId": "2647c4e8-ce5c-4452-a07f-4ef468de430f"}, "conceptName": "", "clickables": [], "view": {"name": "", "style": ""}, "timestamp": "2020-04-13T18:16:03.401Z"}, "projectId": "3520"}, {"id": "c256b93e-42c9-4df8-9aab-9e4a24d5678b", "parentComponentId": "7e3244a9-dd2b-46c7-bfeb-ec42b061c789", "recognitionNode": {"name": "COFFEE_TYPE", "description": "", "initialMessage": {"id": "b80d38e3-1760-493c-86d4-1ecb7ac1c6c1", "channelProcessingItemsMap": {"33c9b0a7-bb8c-4dfb-b1b1-2039f62485ee": {"processingItems": [{"condition": {"id": "f6300cc1-db1a-498d-af5d-dc32f52239ac", "statementType": "ALWAYS_TYPE", "processingItems": [{"promptGroup": {"id": "3e8ed689-2952-4dd0-a2a6-54942b1292e3", "name": "what_type_of_coffee_would_you_like?", "prompts": [{"payload": {"displayText": "What type of coffee would you like?", "ttsText": "", "audioFile": "", "displayTextAnnotations": [], "ttsTextAnnotations": [], "ttsAudioBackup": "", "ttsAudioBackupAnnotations": []}, "language": "en-US", "channel": "33c9b0a7-bb8c-4dfb-b1b1-2039f62485ee", "lastModified": "2020-04-13T18:23:20.046Z"}], "projectId": "3520", "lastModified": "2020-04-13T18:23:20.043Z"}, "id": "55025ba2-6b2a-491a-9a87-b06139f40720", "note": ""}]}, "id": "cd716a7b-1428-493d-be61-f3faf898f414", "note": ""}]}}, "projectId": "3520", "lastModified": "2020-04-13T18:23:20.462Z", "parentNodeId": "c256b93e-42c9-4df8-9aab-9e4a24d5678b"}, "collectionType": "", "asrGrammarfileReferences": [], "actionConfigurations": [], "inputManagerReferenceId": "12dd32b1-ddaa-4df4-8201-f883a1351172", "conceptId": "230a121c-e9a5-467c-8c0e-5b6d5c647ba5", "confirmationActionConfigurations": [], "commandActionConfigurations": [], "recoRecoveryBehaviors": [], "settings": {}, "defaultConceptProcessingItem": {"id": "5e245477-a4fa-4150-b64d-7255eae86445", "channelProcessingItemsMap": {"33c9b0a7-bb8c-4dfb-b1b1-2039f62485ee": {"processingItems": [{"condition": {"id": "667660a3-bf1d-4b1d-90c6-ae389c762938", "statementType": "ALWAYS_TYPE", "processingItems": [{"transition": {"id": "09ee6062-fa1e-407f-8d49-af626a14cd96", "transitionType": "GO_TO", "event": "", "label": "GoTo", "projectId": "3520", "nodeId": "12dd32b1-ddaa-4df4-8201-f883a1351172"}, "id": "9702f382-113e-4277-bacd-9f0c353ab416", "note": ""}]}, "id": "65239963-90e3-4b69-aa11-efc2a715a008", "note": ""}]}}, "projectId": "3520", "lastModified": "2020-04-13T18:23:27.650Z", "parentNodeId": "c256b93e-42c9-4df8-9aab-9e4a24d5678b"}, "conceptName": "", "clickables": [{"entityValue": "espresso", "clickableDescription": "", "imageUrl": "", "label": "", "channel": "33c9b0a7-bb8c-4dfb-b1b1-2039f62485ee", "language": "", "enabled": false}, {"entityValue": "cafe latte", "clickableDescription": "", "imageUrl": "", "label": "", "channel": "33c9b0a7-bb8c-4dfb-b1b1-2039f62485ee", "language": "", "enabled": false}, {"entityValue": "cappuccino", "clickableDescription": "", "imageUrl": "", "label": "", "channel": "33c9b0a7-bb8c-4dfb-b1b1-2039f62485ee", "language": "", "enabled": false}, {"entityValue": "mocha", "clickableDescription": "", "imageUrl": "", "label": "", "channel": "33c9b0a7-bb8c-4dfb-b1b1-2039f62485ee", "language": "", "enabled": false}, {"entityValue": "mocha latte", "clickableDescription": "", "imageUrl": "", "label": "", "channel": "33c9b0a7-bb8c-4dfb-b1b1-2039f62485ee", "language": "", "enabled": false}, {"entityValue": "americano", "clickableDescription": "", "imageUrl": "", "label": "", "channel": "33c9b0a7-bb8c-4dfb-b1b1-2039f62485ee", "language": "", "enabled": false}, {"entityValue": "latte", "clickableDescription": "", "imageUrl": "", "label": "", "channel": "33c9b0a7-bb8c-4dfb-b1b1-2039f62485ee", "language": "", "enabled": false}], "view": {"name": "", "style": ""}, "timestamp": "2020-04-13T18:27:50.004Z"}, "projectId": "3520"}, {"id": "bbde0387-116d-4842-8bb8-16d950a27c07", "parentComponentId": "7e3244a9-dd2b-46c7-bfeb-ec42b061c789", "recognitionNode": {"name": "COFFEE_SIZE", "description": "", "initialMessage": {"id": "1202d665-6526-4272-9ece-73c63ceecb68", "channelProcessingItemsMap": {"33c9b0a7-bb8c-4dfb-b1b1-2039f62485ee": {"processingItems": [{"condition": {"id": "853ce92e-20e6-4a4f-98cd-9adbd3f3f09a", "statementType": "ALWAYS_TYPE", "processingItems": [{"promptGroup": {"id": "acd2cc94-5c15-42f9-b1bf-96fade3a0144", "name": "what_size_coffee_would_you_like?", "prompts": [{"payload": {"displayText": "What size coffee would you like?", "ttsText": "", "audioFile": "", "displayTextAnnotations": [], "ttsTextAnnotations": [], "ttsAudioBackup": "", "ttsAudioBackupAnnotations": []}, "language": "en-US", "channel": "33c9b0a7-bb8c-4dfb-b1b1-2039f62485ee", "lastModified": "2020-04-13T18:22:55.264Z"}], "projectId": "3520", "lastModified": "2020-04-13T18:22:55.262Z"}, "id": "68cffc0d-7959-4462-a3e9-87003964017a", "note": ""}]}, "id": "fa382214-fb00-4d84-9ad0-8512877181ed", "note": ""}]}}, "projectId": "3520", "lastModified": "2020-04-13T18:22:55.749Z", "parentNodeId": "bbde0387-116d-4842-8bb8-16d950a27c07"}, "collectionType": "", "asrGrammarfileReferences": [], "actionConfigurations": [], "inputManagerReferenceId": "12dd32b1-ddaa-4df4-8201-f883a1351172", "conceptId": "b708b403-8eb9-4814-be87-244c46d47682", "confirmationActionConfigurations": [], "commandActionConfigurations": [], "recoRecoveryBehaviors": [], "settings": {}, "defaultConceptProcessingItem": {"id": "c11f8b00-0697-45eb-9de7-85386de9e2b8", "channelProcessingItemsMap": {"33c9b0a7-bb8c-4dfb-b1b1-2039f62485ee": {"processingItems": [{"condition": {"id": "d8426ac8-e04c-4222-88c9-ca87b42f3739", "statementType": "ALWAYS_TYPE", "processingItems": [{"transition": {"id": "4ba1fc22-4cb0-476e-83f9-3ba9103bf948", "transitionType": "GO_TO", "event": "", "label": "GoTo", "projectId": "3520", "nodeId": "12dd32b1-ddaa-4df4-8201-f883a1351172"}, "id": "701b9cc6-a6b9-4832-a880-35d602212596", "note": ""}]}, "id": "46ee81f2-3674-4aa0-956c-e1c7a379bcf3", "note": ""}]}}, "projectId": "3520", "lastModified": "2020-04-13T18:23:06.563Z", "parentNodeId": "bbde0387-116d-4842-8bb8-16d950a27c07"}, "conceptName": "", "clickables": [{"entityValue": "md", "clickableDescription": "", "imageUrl": "", "label": "", "channel": "33c9b0a7-bb8c-4dfb-b1b1-2039f62485ee", "language": "", "enabled": false}, {"entityValue": "sm", "clickableDescription": "", "imageUrl": "", "label": "", "channel": "33c9b0a7-bb8c-4dfb-b1b1-2039f62485ee", "language": "", "enabled": false}, {"entityValue": "lg", "clickableDescription": "", "imageUrl": "", "label": "", "channel": "33c9b0a7-bb8c-4dfb-b1b1-2039f62485ee", "language": "", "enabled": false}], "view": {"name": "", "style": ""}, "timestamp": "2020-04-13T18:28:05.863Z"}, "projectId": "3520"}, {"id": "dc8b454c-9f2a-480e-a2d6-21c49a3e149f", "parentComponentId": "7e3244a9-dd2b-46c7-bfeb-ec42b061c789", "startNode": {"name": "start", "description": "", "processingItems": {"id": "d94e023e-da11-49b8-b96a-37822cc0b80f", "channelProcessingItemsMap": {}, "projectId": "3520", "lastModified": "2020-04-13T18:02:03.785Z", "parentNodeId": "dc8b454c-9f2a-480e-a2d6-21c49a3e149f"}, "nodeId": "014b4a1a-f090-4756-bc4c-ffdc0027a61e", "timestamp": "2020-04-13T18:13:56.503Z"}, "projectId": "3520"}], "projectId": "3520", "eventHandlers": [{"id": "2716a04c-f188-47f4-b81e-01cdb99d3286", "eventId": "1d28f877-f6fd-4759-a7f8-2191bd6e612a", "reserved": true, "projectId": "3520", "componentId": "7e3244a9-dd2b-46c7-bfeb-ec42b061c789"}, {"id": "e440be9d-ca1f-437d-96a4-7f13bf2a9538", "eventId": "b6f139ea-c45a-4d1b-96f0-32677a9fd0ab", "reserved": true, "projectId": "3520", "componentId": "7e3244a9-dd2b-46c7-bfeb-ec42b061c789"}, {"id": "625c9113-3e27-4e9c-96f6-d05c5932db5c", "eventId": "309f589e-02e1-468f-9b81-0015965a7496", "reserved": true, "projectId": "3520", "componentId": "7e3244a9-dd2b-46c7-bfeb-ec42b061c789"}, {"id": "f21b9058-a17b-4766-a91f-5893dcc4ecb9", "eventId": "2d75a896-a04c-4bc4-b5d2-e8d64542000b", "reserved": true, "projectId": "3520", "componentId": "7e3244a9-dd2b-46c7-bfeb-ec42b061c789"}, {"id": "3b9a217d-3981-4a90-bc91-26ee7bf90ee4", "eventId": "5346a28b-4047-4468-b829-2428f9524a6b", "reserved": true, "projectId": "3520", "componentId": "7e3244a9-dd2b-46c7-bfeb-ec42b061c789"}], "timestamp": "2020-04-13T18:02:03.751Z"}], "recovery": [{"globalValue": "", "recoveryBehaviors": [{"event": "nomatch2-pre-prompt", "escalationLevel": 0, "processingItemsList": {"id": "68c8578c-9f6a-4d24-9d58-6217d51cc736", "channelProcessingItemsMap": {}, "projectId": "3520", "lastModified": "2020-04-13T18:02:05.547Z", "parentProjectId": "3520"}, "enabled": false}, {"event": "noinput3-pre-prompt", "escalationLevel": 0, "processingItemsList": {"id": "3f908380-6d09-4d0a-9002-56e0344b72a7", "channelProcessingItemsMap": {}, "projectId": "3520", "lastModified": "2020-04-13T18:02:05.592Z", "parentProjectId": "3520"}, "enabled": false}, {"event": "max-nomatch-prompt", "escalationLevel": 0, "processingItemsList": {"id": "a2cd451e-5303-46f0-b68a-3f943e4f746d", "channelProcessingItemsMap": {}, "projectId": "3520", "lastModified": "2020-04-13T18:02:05.660Z", "parentProjectId": "3520"}, "enabled": false}, {"event": "repeat3-prompt", "escalationLevel": 0, "processingItemsList": {"id": "95db3cc9-2759-447f-b6fe-de6cee9cb5c7", "channelProcessingItemsMap": {}, "projectId": "3520", "lastModified": "2020-04-13T18:02:05.637Z", "parentProjectId": "3520"}, "enabled": false}, {"event": "invalid-reco-option1-prompt", "escalationLevel": 0, "processingItemsList": {"id": "fb51b344-8af4-40de-88f5-e9c24c97fc47", "channelProcessingItemsMap": {}, "projectId": "3520", "lastModified": "2020-04-13T18:02:05.678Z", "parentProjectId": "3520"}, "enabled": false}, {"event": "noinput1-pre-prompt", "escalationLevel": 0, "processingItemsList": {"id": "fe806a1f-7992-46c9-8786-881e1c4767db", "channelProcessingItemsMap": {}, "projectId": "3520", "lastModified": "2020-04-13T18:02:05.568Z", "parentProjectId": "3520"}, "enabled": false}, {"event": "invalid-reco-option2-prompt", "escalationLevel": 0, "processingItemsList": {"id": "9f8c21e9-8f05-42bf-9ce8-a5dfdab492a4", "channelProcessingItemsMap": {}, "projectId": "3520", "lastModified": "2020-04-13T18:02:05.689Z", "parentProjectId": "3520"}, "enabled": false}, {"event": "repeat2-prompt", "escalationLevel": 0, "processingItemsList": {"id": "19aa65e2-9606-458f-84fd-fac380321433", "channelProcessingItemsMap": {}, "projectId": "3520", "lastModified": "2020-04-13T18:02:05.617Z", "parentProjectId": "3520"}, "enabled": false}, {"event": "nomatch3-pre-prompt", "escalationLevel": 0, "processingItemsList": {"id": "5eb19d91-54cf-455d-80ad-1e4d244596a1", "channelProcessingItemsMap": {}, "projectId": "3520", "lastModified": "2020-04-13T18:02:05.558Z", "parentProjectId": "3520"}, "enabled": false}, {"event": "repeat1-prompt", "escalationLevel": 0, "processingItemsList": {"id": "864b9e05-fff0-48ff-a184-453f8ef87dee", "channelProcessingItemsMap": {}, "projectId": "3520", "lastModified": "2020-04-13T18:02:05.603Z", "parentProjectId": "3520"}, "enabled": false}, {"event": "invalid-reco-option3-prompt", "escalationLevel": 0, "processingItemsList": {"id": "54bdd796-bd7f-4bef-a659-22b78d381e55", "channelProcessingItemsMap": {}, "projectId": "3520", "lastModified": "2020-04-13T18:02:05.701Z", "parentProjectId": "3520"}, "enabled": false}, {"event": "max-invalid-reco-option-prompt", "escalationLevel": 0, "processingItemsList": {"id": "5729aff9-71f8-44ab-8e1f-3b5af7d8953d", "channelProcessingItemsMap": {}, "projectId": "3520", "lastModified": "2020-04-13T18:02:05.714Z", "parentProjectId": "3520"}, "enabled": false}, {"event": "nomatch1-pre-prompt", "escalationLevel": 0, "processingItemsList": {"id": "159d8cc5-5319-4b1a-8e6f-8c1c70cbf751", "channelProcessingItemsMap": {}, "projectId": "3520", "lastModified": "2020-04-13T18:02:05.533Z", "parentProjectId": "3520"}, "enabled": false}, {"event": "max-noinput-prompt", "escalationLevel": 0, "processingItemsList": {"id": "cb554d72-ea26-4c61-9041-3b78fe0da446", "channelProcessingItemsMap": {}, "projectId": "3520", "lastModified": "2020-04-13T18:02:05.649Z", "parentProjectId": "3520"}, "enabled": false}, {"event": "noinput2-pre-prompt", "escalationLevel": 0, "processingItemsList": {"id": "1df936fe-664d-4c96-8d4d-8d43bea7e297", "channelProcessingItemsMap": {}, "projectId": "3520", "lastModified": "2020-04-13T18:02:05.579Z", "parentProjectId": "3520"}, "enabled": false}]}], "variables": [{"id": "859ea2bb-17fc-4a7d-8fd5-68fbd193e5f2", "name": "returnMessage", "description": "The return message variable that describes the meaning of the returnCode variable", "possibleValues": [], "projectId": "3520", "uiDefaultValue": "", "isReserved": true, "simpleVariableType": "STRING_TYPE", "timestamp": "2020-04-13T18:02:04.899Z"}, {"id": "dbee7b95-06aa-4040-9e05-8a6556af2c7d", "name": "returnCode", "description": "The return code variable for data access nodes", "possibleValues": [], "projectId": "3520", "uiDefaultValue": "", "isReserved": true, "simpleVariableType": "STRING_TYPE", "timestamp": "2020-04-13T18:02:04.908Z"}, {"id": "c695b18f-eaf2-4551-b835-c2d0e1f0b40f", "name": "language", "description": "The current language; initially set to the default language of the project", "possibleValues": [], "projectId": "3520", "uiDefaultValue": "", "isReserved": true, "simpleVariableType": "STRING_TYPE", "timestamp": "2020-04-13T18:02:04.919Z"}], "complexVariableTypes": [{"id": "935aa1c3-9832-40e3-ba1e-aba171c34a85", "name": "WordSet", "description": "A schema used to define a word set to be loaded with the Mix.nlu model", "fields": [], "projectId": "3520", "isReserved": true}], "promptGroups": [{"id": "0ced53bb-610b-48e9-9208-53b38f050b4b", "name": "hello_and_welcome_to_the_coffee_app_", "prompts": [{"payload": {"displayText": "Hello and welcome to the coffee app.", "ttsText": "", "audioFile": "", "displayTextAnnotations": [], "ttsTextAnnotations": [], "ttsAudioBackup": "", "ttsAudioBackupAnnotations": []}, "language": "en-US", "channel": "33c9b0a7-bb8c-4dfb-b1b1-2039f62485ee", "lastModified": "2020-04-13T18:14:35.028Z"}], "projectId": "3520", "lastModified": "2020-04-13T18:14:35.026Z"}, {"id": "e75baf25-b067-4280-a44a-7cad37a91288", "name": "what_can_i_get_you_today?", "prompts": [{"payload": {"displayText": "What can I get you today?", "ttsText": "", "audioFile": "", "displayTextAnnotations": [], "ttsTextAnnotations": [], "ttsAudioBackup": "", "ttsAudioBackupAnnotations": []}, "language": "en-US", "channel": "33c9b0a7-bb8c-4dfb-b1b1-2039f62485ee", "lastModified": "2020-04-13T18:14:58.315Z"}], "projectId": "3520", "lastModified": "2020-04-13T18:14:58.310Z"}, {"id": "05b389e8-a441-4c72-9ef9-64f70084521e", "name": "perfect_a_size_type_coming_right_up!", "prompts": [{"payload": {"displayText": "Perfect, a [size|b708b403-8eb9-4814-be87-244c46d47682] [type|230a121c-e9a5-467c-8c0e-5b6d5c647ba5]coming right up!", "ttsText": "", "audioFile": "", "displayTextAnnotations": [{"type": "", "properties": {"string": "size"}, "conceptIdLiteral": "b708b403-8eb9-4814-be87-244c46d47682"}, {"type": "", "properties": {"string": "type"}, "conceptIdLiteral": "230a121c-e9a5-467c-8c0e-5b6d5c647ba5"}], "ttsTextAnnotations": [], "ttsAudioBackup": "", "ttsAudioBackupAnnotations": []}, "language": "en-US", "channel": "33c9b0a7-bb8c-4dfb-b1b1-2039f62485ee", "lastModified": "2020-04-13T18:21:34.578Z"}], "projectId": "3520", "lastModified": "2020-04-13T18:21:34.604Z"}, {"id": "acd2cc94-5c15-42f9-b1bf-96fade3a0144", "name": "what_size_coffee_would_you_like?", "prompts": [{"payload": {"displayText": "What size coffee would you like?", "ttsText": "", "audioFile": "", "displayTextAnnotations": [], "ttsTextAnnotations": [], "ttsAudioBackup": "", "ttsAudioBackupAnnotations": []}, "language": "en-US", "channel": "33c9b0a7-bb8c-4dfb-b1b1-2039f62485ee", "lastModified": "2020-04-13T18:22:55.264Z"}], "projectId": "3520", "lastModified": "2020-04-13T18:22:55.262Z"}, {"id": "3e8ed689-2952-4dd0-a2a6-54942b1292e3", "name": "what_type_of_coffee_would_you_like?", "prompts": [{"payload": {"displayText": "What type of coffee would you like?", "ttsText": "", "audioFile": "", "displayTextAnnotations": [], "ttsTextAnnotations": [], "ttsAudioBackup": "", "ttsAudioBackupAnnotations": []}, "language": "en-US", "channel": "33c9b0a7-bb8c-4dfb-b1b1-2039f62485ee", "lastModified": "2020-04-13T18:23:20.046Z"}], "projectId": "3520", "lastModified": "2020-04-13T18:23:20.043Z"}], "expressions": [], "parentId": "NONE", "ontologyId": "88a1b5dc-0fd3-4a20-8947-5a95c7b12592", "ontology": {"projectId": "3520", "intents": [{"id": "548ac72a-b5a2-4ff5-bdea-26a0e94a6d5b", "projectId": "3520", "name": "NO_INTENT", "conceptIds": [], "isInBaseOntology": true, "lastModified": "1970-01-01T00:00:00Z"}, {"id": "e7a07306-edc3-45c1-bb93-dff7da3cea1c", "projectId": "3520", "name": "ORDER_COFFEE", "conceptIds": ["b708b403-8eb9-4814-be87-244c46d47682", "230a121c-e9a5-467c-8c0e-5b6d5c647ba5"], "isInBaseOntology": false, "lastModified": "1970-01-01T00:00:00Z"}], "concepts": [{"id": "71bebf43-d7b2-48b2-b619-f8ddd3492ae4", "projectId": "3520", "name": "AND", "isInBaseOntology": true, "valuesCount": 0, "dialogTypeId": "", "isDialogType": false, "predefinedConceptId": "", "isDeprecated": false, "numberOfTypeUsages": 0, "lastModified": "1970-01-01T00:00:00Z"}, {"id": "b708b403-8eb9-4814-be87-244c46d47682", "projectId": "3520", "name": "COFFEE_SIZE", "isInBaseOntology": false, "valuesCount": 5, "dialogTypeId": "", "isDialogType": false, "predefinedConceptId": "", "isDeprecated": false, "numberOfTypeUsages": 0, "lastModified": "1970-01-01T00:00:00Z"}, {"id": "230a121c-e9a5-467c-8c0e-5b6d5c647ba5", "projectId": "3520", "name": "COFFEE_TYPE", "isInBaseOntology": false, "valuesCount": 9, "dialogTypeId": "", "isDialogType": false, "predefinedConceptId": "", "isDeprecated": false, "numberOfTypeUsages": 0, "lastModified": "1970-01-01T00:00:00Z"}, {"id": "2e07f382-8bd8-47ec-9b2d-6c14dbb793a1", "projectId": "3520", "name": "DATE", "isInBaseOntology": false, "valuesCount": 0, "dialogTypeId": "", "isDialogType": true, "predefinedConceptId": "", "isDeprecated": false, "numberOfTypeUsages": 0, "isA": "d7f1547b-66f3-46d7-85f6-d7380ee3a5b3", "lastModified": "1970-01-01T00:00:00Z"}, {"id": "0585f7d6-b5a8-44c6-a8c6-2ee0953964f1", "projectId": "3520", "name": "NOT", "isInBaseOntology": true, "valuesCount": 0, "dialogTypeId": "", "isDialogType": false, "predefinedConceptId": "", "isDeprecated": false, "numberOfTypeUsages": 0, "lastModified": "1970-01-01T00:00:00Z"}, {"id": "5d77276f-0c92-40d0-bce7-8aa364f87386", "projectId": "3520", "name": "OR", "isInBaseOntology": true, "valuesCount": 0, "dialogTypeId": "", "isDialogType": false, "predefinedConceptId": "", "isDeprecated": false, "numberOfTypeUsages": 0, "lastModified": "1970-01-01T00:00:00Z"}, {"id": "a4fb44cc-d69e-40bb-bd2d-71a9c74068d4", "projectId": "3520", "name": "REF_MOMENT", "isInBaseOntology": true, "valuesCount": 0, "dialogTypeId": "", "isDialogType": false, "predefinedConceptId": "", "isDeprecated": false, "numberOfTypeUsages": 0, "lastModified": "1970-01-01T00:00:00Z"}, {"id": "60875511-26fb-4f3d-929a-769972a20c2b", "projectId": "3520", "name": "REF_PERSON", "isInBaseOntology": true, "valuesCount": 0, "dialogTypeId": "", "isDialogType": false, "predefinedConceptId": "", "isDeprecated": false, "numberOfTypeUsages": 0, "lastModified": "1970-01-01T00:00:00Z"}, {"id": "baedfc8c-5744-4300-b8e8-82942423ca01", "projectId": "3520", "name": "REF_PLACE", "isInBaseOntology": true, "valuesCount": 0, "dialogTypeId": "", "isDialogType": false, "predefinedConceptId": "", "isDeprecated": false, "numberOfTypeUsages": 0, "lastModified": "1970-01-01T00:00:00Z"}, {"id": "842cd0e7-7e0a-45a0-a620-57dc3046f318", "projectId": "3520", "name": "REF_THING", "isInBaseOntology": true, "valuesCount": 0, "dialogTypeId": "", "isDialogType": false, "predefinedConceptId": "", "isDeprecated": false, "numberOfTypeUsages": 0, "lastModified": "1970-01-01T00:00:00Z"}, {"id": "0b7eeaed-3733-4f4f-9910-3ea8e850c5dc", "projectId": "3520", "name": "TIME", "isInBaseOntology": false, "valuesCount": 0, "dialogTypeId": "", "isDialogType": true, "predefinedConceptId": "", "isDeprecated": false, "numberOfTypeUsages": 0, "isA": "d7f1547b-66f3-46d7-85f6-d7380ee3a5b3", "lastModified": "1970-01-01T00:00:00Z"}, {"id": "5a894eb9-c1dc-4cd3-9253-b6539a3a5ea0", "projectId": "3520", "name": "YES_NO", "isInBaseOntology": false, "valuesCount": 0, "dialogTypeId": "", "isDialogType": true, "predefinedConceptId": "", "isDeprecated": false, "numberOfTypeUsages": 0, "isA": "25abc4cb-9d33-47eb-9b9b-8989f800803e", "lastModified": "1970-01-01T00:00:00Z"}, {"id": "98ff5e25-c723-41b7-801f-79e5f051e2b0", "projectId": "3520", "name": "nuance_AMOUNT", "isInBaseOntology": true, "valuesCount": 0, "dialogTypeId": "", "isDialogType": false, "predefinedConceptId": "", "isDeprecated": false, "numberOfTypeUsages": 0, "lastModified": "1970-01-01T00:00:00Z"}, {"id": "25abc4cb-9d33-47eb-9b9b-8989f800803e", "projectId": "3520", "name": "nuance_BOOLEAN", "isInBaseOntology": true, "valuesCount": 0, "dialogTypeId": "", "isDialogType": true, "predefinedConceptId": "", "isDeprecated": false, "numberOfTypeUsages": 0, "lastModified": "1970-01-01T00:00:00Z"}, {"id": "d7f1547b-66f3-46d7-85f6-d7380ee3a5b3", "projectId": "3520", "name": "nuance_CALENDARX", "isInBaseOntology": true, "valuesCount": 0, "dialogTypeId": "", "isDialogType": false, "predefinedConceptId": "", "isDeprecated": false, "numberOfTypeUsages": 0, "lastModified": "1970-01-01T00:00:00Z"}, {"id": "fe798191-7b64-40d1-9bbf-a32feb54d154", "projectId": "3520", "name": "nuance_CARDINAL_NUMBER", "isInBaseOntology": true, "valuesCount": 0, "dialogTypeId": "", "isDialogType": true, "predefinedConceptId": "", "isDeprecated": false, "numberOfTypeUsages": 0, "lastModified": "1970-01-01T00:00:00Z"}, {"id": "de19123f-0a3f-40a9-a7f9-a7b99f519475", "projectId": "3520", "name": "nuance_DISTANCE", "isInBaseOntology": true, "valuesCount": 0, "dialogTypeId": "", "isDialogType": false, "predefinedConceptId": "", "isDeprecated": false, "numberOfTypeUsages": 0, "lastModified": "1970-01-01T00:00:00Z"}, {"id": "e0953975-55a6-4020-af57-c1a676671360", "projectId": "3520", "name": "nuance_DOUBLE", "isInBaseOntology": true, "valuesCount": 0, "dialogTypeId": "", "isDialogType": false, "predefinedConceptId": "", "isDeprecated": false, "numberOfTypeUsages": 0, "lastModified": "1970-01-01T00:00:00Z"}, {"id": "db22c535-2949-493d-aa65-b06f3333b950", "projectId": "3520", "name": "nuance_DURATION", "isInBaseOntology": true, "valuesCount": 0, "dialogTypeId": "", "isDialogType": false, "predefinedConceptId": "", "isDeprecated": false, "numberOfTypeUsages": 0, "lastModified": "1970-01-01T00:00:00Z"}, {"id": "c922aa8a-98cf-4b25-921f-20c0a8a19dfd", "projectId": "3520", "name": "nuance_DURATION_RANGE", "isInBaseOntology": true, "valuesCount": 0, "dialogTypeId": "", "isDialogType": false, "predefinedConceptId": "", "isDeprecated": false, "numberOfTypeUsages": 0, "lastModified": "1970-01-01T00:00:00Z"}, {"id": "80ff656b-5bed-47ed-9736-08c41659ccfb", "projectId": "3520", "name": "nuance_EXPIRY_DATE", "isInBaseOntology": true, "valuesCount": 0, "dialogTypeId": "", "isDialogType": false, "predefinedConceptId": "", "isDeprecated": false, "numberOfTypeUsages": 0, "lastModified": "1970-01-01T00:00:00Z"}, {"id": "e56c7196-c2b1-4559-8863-8885ae510eee", "projectId": "3520", "name": "nuance_GENERIC_ORDER", "isInBaseOntology": true, "valuesCount": 0, "dialogTypeId": "", "isDialogType": false, "predefinedConceptId": "", "isDeprecated": false, "numberOfTypeUsages": 0, "lastModified": "1970-01-01T00:00:00Z"}, {"id": "6630aaa4-64be-44f6-be69-f720a497ef3e", "projectId": "3520", "name": "nuance_GLOBAL", "isInBaseOntology": true, "valuesCount": 0, "dialogTypeId": "", "isDialogType": false, "predefinedConceptId": "", "isDeprecated": false, "numberOfTypeUsages": 0, "lastModified": "1970-01-01T00:00:00Z"}, {"id": "c7129c84-a678-4be7-8054-97cba24a2aa6", "projectId": "3520", "name": "nuance_NUMBER", "isInBaseOntology": true, "valuesCount": 0, "dialogTypeId": "", "isDialogType": false, "predefinedConceptId": "", "isDeprecated": false, "numberOfTypeUsages": 0, "lastModified": "1970-01-01T00:00:00Z"}, {"id": "f602584f-8c5a-407f-acec-4d6cc51b13a3", "projectId": "3520", "name": "nuance_ORDINAL_NUMBER", "isInBaseOntology": true, "valuesCount": 0, "dialogTypeId": "", "isDialogType": true, "predefinedConceptId": "", "isDeprecated": false, "numberOfTypeUsages": 0, "lastModified": "1970-01-01T00:00:00Z"}, {"id": "de4cb4dd-2f4b-4295-9807-e06d4229ca46", "projectId": "3520", "name": "nuance_QUANTITY", "isInBaseOntology": true, "valuesCount": 0, "dialogTypeId": "", "isDialogType": false, "predefinedConceptId": "", "isDeprecated": false, "numberOfTypeUsages": 0, "lastModified": "1970-01-01T00:00:00Z"}, {"id": "9b97f5c6-0cd8-4dcf-9ea7-a5d215544b5f", "projectId": "3520", "name": "nuance_QUANTITY_RANGE", "isInBaseOntology": true, "valuesCount": 0, "dialogTypeId": "", "isDialogType": false, "predefinedConceptId": "", "isDeprecated": false, "numberOfTypeUsages": 0, "lastModified": "1970-01-01T00:00:00Z"}, {"id": "70b1d0bd-6b35-4935-9160-844544c0a587", "projectId": "3520", "name": "nuance_TEMPERATURE", "isInBaseOntology": true, "valuesCount": 0, "dialogTypeId": "", "isDialogType": false, "predefinedConceptId": "", "isDeprecated": false, "numberOfTypeUsages": 0, "lastModified": "1970-01-01T00:00:00Z"}], "lastModified": "1970-01-01T00:00:00Z"}, "globalSettings": [{"channelId": "33c9b0a7-bb8c-4dfb-b1b1-2039f62485ee", "modeId": "", "entityType": "NOT_SET", "topLevel": {"speedvsaccuracy": "0.5", "max-no-to-confirm": "2", "max-turns": "5", "sensitivity": "0.5", "bargein": "true", "bargeintype": "speech"}, "collection": {"incompletetimeout": "1500", "confidence-high": "0.55", "max-nomatch": "2", "max-tries": "3", "max-invalid-reco-option": "3", "maxspeechtimeout": "12000", "confidence-low": "0.15", "max-repeat": "3", "max-noinput": "2", "timeout": "7000", "completetimeout": "0"}, "confirmation": {"max-invalid-reco-option": "3", "timeout": "7000", "max-tries": "3", "max-noinput": "2", "completetimeout": "0", "maxspeechtimeout": "12000", "confidence-low": "0.15", "max-repeat": "3", "incompletetimeout": "1500", "max-nomatch": "2"}, "dtmf": {"term-char": "#", "interdigittimeout": "5000", "termtimeout": "0"}, "tts": [{"language": "en-US", "settings": {"name": "Evan", "model": "enhanced", "volume-percentage": "80", "gender": "male", "speaking_rate_percentage": "50"}}]}, {"channelId": "01df3da1-a011-4450-a973-d520fff1cfaa", "modeId": "", "entityType": "NOT_SET", "topLevel": {"speedvsaccuracy": "", "max-no-to-confirm": "", "max-turns": "", "sensitivity": "", "bargein": "", "bargeintype": ""}, "collection": {"incompletetimeout": "", "confidence-high": "", "max-nomatch": "", "max-tries": "", "max-invalid-reco-option": "", "maxspeechtimeout": "", "confidence-low": "", "max-repeat": "", "max-noinput": "", "timeout": "", "completetimeout": ""}, "confirmation": {"max-invalid-reco-option": "", "timeout": "", "max-tries": "", "max-noinput": "", "completetimeout": "", "maxspeechtimeout": "", "confidence-low": "", "max-repeat": "", "incompletetimeout": "", "max-nomatch": ""}, "dtmf": {}, "tts": []}], "backendConfig": [], "upgradeVersion": 12, "events": [{"id": "2b2cc8ce-f212-4299-912b-4d578f5d7d34", "projectId": "3520", "eventString": "event.nuance.dialog.odm.maxnoinputs", "uiString": "MaxNoinput", "throwable": false, "reserved": true}, {"id": "d5638709-d3a8-4bae-a741-cffaa7ed6199", "projectId": "3520", "eventString": "event.nuance.dialog.odm.maxnomatches", "uiString": "MaxNomatch", "throwable": false, "reserved": true}, {"id": "027e0392-9852-4b3e-aaa5-1995e874090f", "projectId": "3520", "eventString": "event.nuance.dialog.odm.maxturns", "uiString": "MaxTurns", "throwable": false, "reserved": true}, {"id": "f3288cc8-6249-415b-8f7f-447685e36e5c", "projectId": "3520", "eventString": "event.nuance.dialog.odm.maxrepeats", "uiString": "MaxRepeat", "throwable": false, "reserved": true}, {"id": "289ab5df-cdd7-4164-8f29-fe35e3ad1c96", "projectId": "3520", "eventString": "event.nuance.dialog.odm.maxnotoconfirms", "uiString": "MaxNoToConfirm", "throwable": false, "reserved": true}, {"id": "23338a9d-6d6a-4393-89f1-6472eacd9f82", "projectId": "3520", "eventString": "event.nuance.dialog.odm.maxinvalidanswers", "uiString": "MaxInvalidRecoOption", "throwable": false, "reserved": true}, {"id": "1d28f877-f6fd-4759-a7f8-2191bd6e612a", "projectId": "3520", "eventString": "event", "uiString": "GenericEvent", "throwable": false, "reserved": true}, {"id": "b6f139ea-c45a-4d1b-96f0-32677a9fd0ab", "projectId": "3520", "eventString": "error", "uiString": "GenericError", "throwable": false, "reserved": true}, {"id": "309f589e-02e1-468f-9b81-0015965a7496", "projectId": "3520", "eventString": "event.nuance.dialog.mainmenu", "uiString": "MainMenu", "throwable": false, "reserved": true}, {"id": "2d75a896-a04c-4bc4-b5d2-e8d64542000b", "projectId": "3520", "eventString": "event.nuance.dialog.escalate", "uiString": "Escalate", "throwable": false, "reserved": true}, {"id": "5346a28b-4047-4468-b829-2428f9524a6b", "projectId": "3520", "eventString": "event.nuance.dialog.goodbye", "uiString": "Goodbye", "throwable": false, "reserved": true}], "globalCommandsEntityId": "", "globalCommands": [{"id": "4cb373ea-2cae-47c3-8068-ae3eb095927f", "projectId": "3520", "entityValue": "", "event": {"id": "309f589e-02e1-468f-9b81-0015965a7496", "projectId": "3520", "eventString": "event.nuance.dialog.mainmenu", "uiString": "MainMenu", "throwable": false, "reserved": true}, "dtmfValue": "", "projectLevelEnabled": false, "disabledNodeIds": [], "disabledComponentIds": [], "timestamp": "2020-04-13T18:02:06.023Z"}, {"id": "f45cacc7-8b51-4e33-ad27-bab8f29f0704", "projectId": "3520", "entityValue": "", "event": {"id": "2d75a896-a04c-4bc4-b5d2-e8d64542000b", "projectId": "3520", "eventString": "event.nuance.dialog.escalate", "uiString": "Escalate", "throwable": false, "reserved": true}, "dtmfValue": "", "projectLevelEnabled": false, "disabledNodeIds": [], "disabledComponentIds": [], "timestamp": "2020-04-13T18:02:06.041Z"}, {"id": "b8804ba1-d1f7-4265-8c78-8efcefc10281", "projectId": "3520", "entityValue": "", "event": {"id": "5346a28b-4047-4468-b829-2428f9524a6b", "projectId": "3520", "eventString": "event.nuance.dialog.goodbye", "uiString": "Goodbye", "throwable": false, "reserved": true}, "dtmfValue": "", "projectLevelEnabled": false, "disabledNodeIds": [], "disabledComponentIds": [], "timestamp": "2020-04-13T18:02:06.058Z"}], "versionTimestamp": "2020-04-13T18:02:03Z", "lastModified": "2020-04-13T18:02:08.997Z"}}